reads_type,matched_percentage_g,matched_percentage_rc
ID,0.9901092,0.9901092
CG_IL,1,1
IG,0.8485915,0.3717328
IT1,0.6380032,0
IT2,0,0
MM,0.5197797,0.3148714